Fund Name,P1,P2,P3,P4,P5,Topsis Score,Rank
M1,0.69,0.48,4.6,59.9,16.42,0.6542241646484337,2
M2,0.73,0.53,5.7,47.8,13.69,0.45519494742276767,4
M3,0.65,0.42,3.9,38.6,10.89,0.3239591933908782,7
M4,0.95,0.9,5.2,60.4,16.86,0.8252000290433553,1
M5,0.93,0.86,3.5,32.2,9.37,0.4183999766237625,5
M6,0.89,0.79,6.7,41.2,12.4,0.40780481363798354,6
M7,0.69,0.48,5.3,35.0,10.37,0.18610963743446535,8
M8,0.9,0.81,4.9,47.9,13.63,0.6114328351406859,3
